,Q1,Q2,X1,X2,X3,X4
0,0.0,0.0,8130.0,4838.0,3623.0,12718.0
1,0.0,0.0,2594.0,3651.0,2323.0,6014.0
2,1.0,1.0,4108.0,12510.0,12127.0,3816.0
3,1.0,0.0,2171.0,10449.0,6732.0,1357.0
4,0.0,0.0,4518.0,4326.0,4214.0,6862.0
5,0.0,1.0,4218.0,9931.0,10149.0,5324.0
6,0.0,1.0,1916.0,8210.0,12422.0,3383.0
7,0.0,1.0,1470.0,8204.0,11644.0,3761.0
8,0.0,0.0,7109.0,4031.0,3973.0,9715.0
9,1.0,0.0,2728.0,12706.0,8562.0,5144.0
10,0.0,1.0,4584.0,5495.0,10220.0,772.0
11,1.0,1.0,3031.0,14284.0,11921.0,4202.0
12,1.0,0.0,4366.0,14286.0,9819.0,5476.0
13,1.0,0.0,4572.0,11782.0,7732.0,3390.0
14,1.0,0.0,2293.0,13848.0,6170.0,419.0
15,1.0,0.0,2585.0,13526.0,7793.0,3328.0
16,1.0,1.0,2772.0,12740.0,12834.0,2340.0
17,1.0,0.0,2284.0,14148.0,9111.0,5370.0
18,0.0,1.0,2969.0,8474.0,14864.0,2529.0
19,0.0,0.0,9818.0,2755.0,1444.0,14121.0
20,0.0,1.0,3960.0,6174.0,13675.0,398.0
21,0.0,1.0,3451.0,9097.0,12659.0,3804.0
22,1.0,0.0,3278.0,10307.0,7481.0,4581.0
23,1.0,1.0,1381.0,11763.0,12967.0,394.0
24,0.0,1.0,4952.0,9321.0,11944.0,3903.0
25,1.0,0.0,2805.0,11095.0,5579.0,6316.0
26,0.0,0.0,7796.0,2509.0,2864.0,10792.0
27,1.0,0.0,1690.0,10803.0,6276.0,3171.0
28,1.0,1.0,2870.0,10706.0,10340.0,2731.0
29,0.0,1.0,3209.0,6090.0,13862.0,436.0
30,0.0,0.0,6172.0,4381.0,3955.0,9229.0
31,1.0,1.0,3938.0,13187.0,10369.0,5292.0
32,1.0,1.0,4744.0,11946.0,10585.0,5019.0
33,1.0,0.0,3080.0,14946.0,7450.0,1533.0
34,1.0,0.0,4619.0,10655.0,9169.0,6633.0
35,0.0,1.0,4409.0,7528.0,13178.0,1813.0
36,1.0,1.0,2076.0,12798.0,14724.0,515.0
37,1.0,1.0,1214.0,12635.0,10594.0,2413.0
38,0.0,0.0,1760.0,2599.0,2039.0,3666.0
39,1.0,1.0,4583.0,12413.0,12214.0,4105.0
40,0.0,1.0,4738.0,5539.0,10911.0,536.0
41,0.0,1.0,2412.0,7247.0,14818.0,1458.0
42,1.0,1.0,3094.0,11494.0,13520.0,1331.0
43,0.0,1.0,2347.0,8312.0,11221.0,3798.0
44,0.0,0.0,4869.0,3752.0,2565.0,9846.0
45,1.0,0.0,4600.0,10967.0,8772.0,5740.0
46,0.0,1.0,3180.0,8431.0,14469.0,2572.0
47,1.0,0.0,4924.0,10635.0,6161.0,1230.0
48,1.0,1.0,2474.0,14526.0,14382.0,1341.0
49,1.0,0.0,4459.0,10279.0,9085.0,6817.0
50,1.0,0.0,3569.0,11106.0,9186.0,6887.0
51,1.0,1.0,4919.0,11995.0,12201.0,4126.0
52,0.0,0.0,3398.0,1614.0,2124.0,3822.0
53,1.0,0.0,2337.0,12983.0,9510.0,6819.0
54,1.0,0.0,4126.0,11836.0,8725.0,5315.0
55,1.0,0.0,2182.0,10759.0,9240.0,1896.0
56,1.0,0.0,3964.0,9246.0,5999.0,160.0
57,0.0,1.0,1284.0,9439.0,10323.0,5505.0
58,0.0,0.0,4150.0,1786.0,2004.0,5146.0
59,0.0,1.0,4232.0,8601.0,14719.0,3421.0
60,0.0,1.0,1369.0,5039.0,12115.0,457.0
61,1.0,0.0,2105.0,13112.0,7942.0,4105.0
62,0.0,1.0,2369.0,8680.0,13974.0,3197.0
63,1.0,1.0,3503.0,12876.0,13755.0,2450.0
64,1.0,1.0,3836.0,13716.0,14499.0,2803.0
65,0.0,0.0,7365.0,4126.0,2152.0,12600.0
66,1.0,0.0,1141.0,12569.0,7039.0,3368.0
67,0.0,0.0,9966.0,1312.0,2771.0,10119.0
68,0.0,1.0,2614.0,6951.0,11802.0,2167.0
69,0.0,0.0,1951.0,1568.0,1666.0,2668.0
70,1.0,0.0,3962.0,13464.0,9121.0,5005.0
71,1.0,1.0,4306.0,14957.0,12620.0,5290.0
72,0.0,0.0,5749.0,2918.0,4206.0,5962.0
73,1.0,0.0,3686.0,13616.0,9858.0,5951.0
74,1.0,0.0,3395.0,11410.0,5929.0,6974.0
75,0.0,0.0,2152.0,4997.0,1684.0,8594.0
76,0.0,0.0,1960.0,3615.0,2977.0,4342.0
77,0.0,0.0,7361.0,3307.0,1731.0,12829.0
78,1.0,1.0,1024.0,14010.0,12487.0,1903.0
79,1.0,1.0,4545.0,11234.0,10044.0,4732.0
80,1.0,1.0,3797.0,12857.0,13144.0,3099.0
81,0.0,0.0,2853.0,4792.0,1328.0,9545.0
82,0.0,0.0,4156.0,4756.0,4504.0,6770.0
83,0.0,0.0,3801.0,3114.0,1662.0,7408.0
84,1.0,1.0,2976.0,14314.0,11214.0,4646.0
85,0.0,0.0,8789.0,3450.0,4960.0,9391.0
86,1.0,0.0,1495.0,12337.0,8284.0,5525.0
87,1.0,1.0,1858.0,13400.0,12787.0,2019.0
88,1.0,0.0,3269.0,14810.0,8731.0,3771.0
89,1.0,0.0,3722.0,11168.0,7282.0,3437.0
90,1.0,0.0,2244.0,10356.0,5910.0,2316.0
91,0.0,0.0,7784.0,2522.0,3271.0,8923.0
92,1.0,0.0,2711.0,11121.0,5536.0,6433.0
93,1.0,1.0,2592.0,13483.0,10323.0,4353.0
94,0.0,1.0,3615.0,6640.0,10817.0,4974.0
95,1.0,1.0,4033.0,14436.0,10344.0,6223.0
96,0.0,0.0,4461.0,3332.0,2007.0,8082.0
97,1.0,1.0,4784.0,10457.0,14543.0,1422.0
98,0.0,0.0,4530.0,3622.0,1684.0,9076.0
99,0.0,0.0,7355.0,1127.0,2107.0,7650.0
100,0.0,1.0,3845.0,8123.0,12953.0,2628.0
101,0.0,0.0,2109.0,1735.0,1960.0,2739.0
102,0.0,1.0,1994.0,7258.0,11138.0,2861.0
103,1.0,0.0,3610.0,14587.0,7549.0,1681.0
104,0.0,0.0,9255.0,2143.0,4029.0,8997.0
105,1.0,0.0,3408.0,14286.0,9942.0,6171.0
106,1.0,0.0,3984.0,10627.0,9112.0,6869.0
107,0.0,1.0,1432.0,7585.0,10715.0,3477.0
108,1.0,0.0,3647.0,10848.0,6394.0,2134.0
109,1.0,0.0,4243.0,12019.0,9943.0,7266.0
110,0.0,0.0,6599.0,2404.0,3053.0,7635.0
111,0.0,1.0,4338.0,8048.0,12874.0,2458.0
112,0.0,0.0,7108.0,2981.0,1759.0,10916.0
113,0.0,1.0,3414.0,9823.0,12162.0,4713.0
114,1.0,1.0,3508.0,14566.0,13320.0,3871.0
115,0.0,0.0,4055.0,4807.0,4682.0,6500.0
116,1.0,1.0,3110.0,13625.0,13037.0,3087.0
117,1.0,0.0,1792.0,13362.0,7157.0,3719.0
118,1.0,1.0,4652.0,12408.0,14259.0,2798.0
119,1.0,0.0,2457.0,12662.0,8558.0,5307.0
120,1.0,1.0,4832.0,10477.0,10177.0,4388.0
121,1.0,0.0,4900.0,10379.0,7935.0,4517.0
122,0.0,0.0,3432.0,1788.0,4287.0,1268.0
123,1.0,1.0,3579.0,14482.0,12411.0,4482.0
124,0.0,0.0,5146.0,4927.0,1625.0,12049.0
125,0.0,0.0,4745.0,4368.0,4332.0,7040.0
126,1.0,0.0,4194.0,12509.0,7759.0,4008.0
127,0.0,1.0,2341.0,6496.0,12263.0,1619.0
128,1.0,0.0,4486.0,11643.0,8251.0,4434.0
129,0.0,1.0,1537.0,5493.0,10710.0,1360.0
130,1.0,0.0,2778.0,10427.0,5286.0,910.0
131,0.0,1.0,1673.0,5981.0,11587.0,1507.0
132,1.0,1.0,4704.0,10894.0,12588.0,2947.0
133,0.0,0.0,8420.0,4931.0,3921.0,12814.0
134,1.0,0.0,4024.0,13017.0,8917.0,4915.0
135,0.0,0.0,8114.0,4798.0,2310.0,14383.0
136,0.0,1.0,3398.0,5279.0,10281.0,831.0
137,0.0,1.0,2545.0,8878.0,13672.0,3457.0
138,1.0,0.0,1527.0,10617.0,5954.0,2578.0
139,1.0,0.0,3284.0,10849.0,6689.0,1167.0
140,0.0,1.0,1808.0,7269.0,12139.0,2568.0
141,1.0,1.0,3337.0,11868.0,11108.0,2699.0
142,1.0,1.0,2748.0,11521.0,11454.0,2426.0
143,0.0,1.0,2593.0,8749.0,14176.0,3139.0
144,1.0,0.0,1333.0,12556.0,6834.0,2922.0
145,1.0,0.0,4885.0,14232.0,7530.0,1247.0
146,1.0,0.0,4420.0,10174.0,5780.0,5102.0
147,0.0,0.0,1751.0,3504.0,3644.0,3024.0
148,1.0,1.0,1527.0,11779.0,11979.0,1190.0
149,1.0,0.0,4509.0,13925.0,7325.0,1281.0
150,1.0,0.0,2746.0,10246.0,5248.0,980.0
151,0.0,1.0,3287.0,5611.0,13356.0,115.0
152,0.0,0.0,3159.0,4546.0,1114.0,9777.0
153,0.0,1.0,3175.0,9924.0,13579.0,4378.0
154,0.0,1.0,1406.0,6954.0,10273.0,3007.0
155,1.0,0.0,4100.0,14571.0,8913.0,3834.0
156,0.0,0.0,4805.0,3192.0,4771.0,4565.0
157,0.0,0.0,8009.0,2694.0,1363.0,12017.0
158,1.0,1.0,3632.0,14449.0,10548.0,5748.0
159,0.0,1.0,4532.0,9569.0,12791.0,3959.0
160,0.0,0.0,5697.0,2343.0,1702.0,8282.0
161,0.0,1.0,3676.0,7501.0,11090.0,2701.0
162,1.0,1.0,2886.0,12715.0,12546.0,4113.0
163,1.0,1.0,3180.0,14139.0,14185.0,2725.0
164,0.0,0.0,2115.0,2961.0,4412.0,2469.0
165,0.0,1.0,2646.0,8013.0,13753.0,2538.0
166,1.0,0.0,1951.0,9656.0,5524.0,1213.0
167,0.0,1.0,1985.0,6713.0,11878.0,2059.0
168,1.0,0.0,1449.0,12579.0,9190.0,6972.0
169,1.0,0.0,4895.0,9928.0,6442.0,2028.0
170,0.0,0.0,5690.0,1926.0,2956.0,5907.0
171,1.0,1.0,4881.0,11076.0,13802.0,2413.0
172,0.0,0.0,1844.0,3102.0,3121.0,3160.0
173,1.0,1.0,3916.0,11013.0,11974.0,2516.0
174,1.0,0.0,2115.0,13733.0,6184.0,609.0
175,1.0,0.0,3117.0,14150.0,9294.0,5273.0
176,1.0,0.0,4202.0,10525.0,9108.0,6821.0
177,0.0,1.0,2560.0,7490.0,13474.0,2134.0
178,1.0,1.0,1820.0,12196.0,10136.0,2951.0
179,0.0,1.0,2304.0,7282.0,13569.0,1957.0
180,0.0,0.0,2657.0,2962.0,3751.0,3331.0
181,0.0,1.0,3021.0,6357.0,10503.0,1926.0
182,0.0,1.0,2910.0,8119.0,11182.0,3478.0
183,0.0,1.0,3197.0,8642.0,12884.0,3333.0
184,0.0,0.0,8329.0,3568.0,4791.0,6718.0
185,0.0,0.0,3050.0,2992.0,4604.0,2406.0
186,0.0,0.0,2085.0,3358.0,1904.0,5491.0
187,1.0,1.0,1529.0,14353.0,13015.0,2217.0
188,0.0,0.0,6489.0,3471.0,4438.0,7438.0
189,1.0,1.0,3962.0,12283.0,12947.0,2728.0
190,0.0,1.0,3085.0,6861.0,14686.0,950.0
191,1.0,1.0,3354.0,12167.0,11221.0,3537.0
192,0.0,1.0,1912.0,6854.0,14455.0,1317.0
193,1.0,0.0,3235.0,10919.0,7490.0,4211.0
194,0.0,1.0,1550.0,6950.0,14637.0,1440.0
195,1.0,0.0,1131.0,10269.0,9026.0,8384.0
196,0.0,0.0,5084.0,2729.0,4302.0,4744.0
197,1.0,0.0,4159.0,11177.0,6443.0,5187.0
198,1.0,0.0,4561.0,11651.0,6148.0,711.0
199,1.0,1.0,2625.0,13150.0,12777.0,2524.0
200,0.0,0.0,1730.0,4718.0,4103.0,4411.0
201,1.0,0.0,4816.0,10368.0,6035.0,1241.0
202,1.0,0.0,2990.0,13776.0,8712.0,4567.0
203,1.0,1.0,1138.0,12256.0,10068.0,2445.0
204,1.0,0.0,3413.0,12999.0,7242.0,2301.0
205,1.0,1.0,1273.0,10424.0,10341.0,1159.0
206,1.0,1.0,2041.0,14388.0,14031.0,2007.0
207,0.0,0.0,3614.0,3468.0,2061.0,7248.0
208,0.0,1.0,3392.0,8947.0,11838.0,3956.0
209,1.0,1.0,2903.0,11841.0,13278.0,1558.0
210,1.0,1.0,1967.0,13799.0,11454.0,3268.0
211,1.0,1.0,1261.0,11679.0,10021.0,2198.0
212,0.0,1.0,2762.0,9710.0,13280.0,4372.0
213,0.0,1.0,3893.0,6737.0,11851.0,1108.0
214,1.0,1.0,3985.0,12340.0,14304.0,2144.0
215,0.0,0.0,5949.0,1579.0,4412.0,3690.0
216,0.0,1.0,1337.0,5819.0,11621.0,1417.0
217,1.0,0.0,2709.0,10843.0,5250.0,6745.0
218,0.0,0.0,5923.0,2185.0,3979.0,5246.0
219,1.0,0.0,1646.0,13578.0,7889.0,3931.0
220,0.0,1.0,3770.0,7783.0,11983.0,2646.0
221,1.0,1.0,2432.0,14935.0,10420.0,5118.0
222,1.0,0.0,1487.0,12969.0,6413.0,1866.0
223,0.0,1.0,4804.0,8612.0,12000.0,3211.0
224,0.0,0.0,5902.0,3589.0,3176.0,8633.0
225,0.0,0.0,5704.0,3561.0,2668.0,9477.0
226,1.0,1.0,1918.0,10427.0,10336.0,1723.0
227,1.0,1.0,1110.0,14496.0,14500.0,959.0
228,0.0,1.0,2587.0,5370.0,13421.0,26.0
229,1.0,0.0,2956.0,11101.0,6131.0,3976.0
230,0.0,1.0,1528.0,6744.0,10551.0,4539.0
231,0.0,1.0,4592.0,7967.0,12519.0,2437.0
232,1.0,1.0,3609.0,14135.0,11540.0,4858.0
233,1.0,1.0,4542.0,10106.0,14221.0,1193.0
234,1.0,1.0,3873.0,12066.0,12716.0,2834.0
235,1.0,1.0,3987.0,14887.0,11919.0,5434.0
236,1.0,1.0,4876.0,14123.0,14799.0,3775.0
237,1.0,1.0,4906.0,12966.0,11522.0,5215.0
238,0.0,1.0,4027.0,7085.0,14859.0,878.0
239,1.0,0.0,1360.0,11605.0,7557.0,4808.0
240,1.0,0.0,3817.0,14732.0,8819.0,5034.0
241,1.0,0.0,4325.0,10782.0,7287.0,3402.0
242,0.0,0.0,1310.0,2755.0,2526.0,2752.0
243,0.0,1.0,1396.0,7449.0,10966.0,3262.0
244,0.0,0.0,1959.0,4848.0,1018.0,9008.0
245,1.0,0.0,3702.0,14519.0,9543.0,5170.0
246,1.0,1.0,3388.0,12153.0,13654.0,1936.0
247,0.0,1.0,4685.0,8974.0,12887.0,3292.0
248,1.0,1.0,2152.0,11251.0,12442.0,1071.0
249,0.0,0.0,4827.0,2251.0,1646.0,7188.0
250,0.0,1.0,1205.0,5364.0,10442.0,1408.0
251,0.0,0.0,9504.0,3783.0,2957.0,12084.0
252,0.0,0.0,5408.0,2782.0,3585.0,6166.0
253,0.0,0.0,1643.0,1970.0,1215.0,3580.0
254,1.0,1.0,2894.0,14749.0,13875.0,5396.0
255,1.0,0.0,3521.0,11151.0,7900.0,4630.0
256,0.0,1.0,2466.0,7519.0,13425.0,1531.0
257,1.0,0.0,4850.0,13395.0,7017.0,925.0
258,0.0,0.0,4819.0,2844.0,4081.0,4921.0
259,1.0,1.0,4337.0,14068.0,13145.0,4374.0
260,0.0,1.0,4153.0,8902.0,13343.0,3194.0
261,0.0,1.0,4985.0,6773.0,14857.0,327.0
262,0.0,1.0,3707.0,9942.0,13834.0,4173.0
263,0.0,1.0,3123.0,9162.0,12988.0,3835.0
264,1.0,0.0,2385.0,12093.0,5778.0,857.0
265,0.0,0.0,4407.0,4247.0,3131.0,8045.0
266,0.0,0.0,3537.0,3154.0,3781.0,4342.0
267,1.0,0.0,3147.0,13811.0,6738.0,1011.0
268,1.0,0.0,4969.0,12012.0,8294.0,4022.0
269,1.0,1.0,2897.0,14175.0,12347.0,3729.0
270,0.0,1.0,3483.0,5772.0,11907.0,734.0
271,0.0,1.0,2270.0,9073.0,13946.0,3624.0
272,0.0,0.0,3359.0,1177.0,4020.0,520.0
273,1.0,1.0,2259.0,13634.0,12579.0,2661.0
274,0.0,0.0,3033.0,1683.0,1910.0,3797.0
275,0.0,0.0,7762.0,2020.0,3024.0,8390.0
276,0.0,0.0,2728.0,1555.0,3785.0,2508.0
277,1.0,0.0,4125.0,10979.0,9962.0,8052.0
278,0.0,0.0,7023.0,1761.0,2476.0,7827.0
279,1.0,1.0,4871.0,14480.0,10950.0,6575.0
280,1.0,0.0,4268.0,10947.0,5618.0,400.0
281,0.0,0.0,1809.0,1446.0,1545.0,2461.0
282,0.0,1.0,1570.0,6340.0,10874.0,2142.0
283,1.0,1.0,2605.0,12635.0,14472.0,1033.0
284,1.0,0.0,1215.0,10103.0,8408.0,7371.0
285,0.0,1.0,3334.0,7759.0,12918.0,2404.0
286,1.0,1.0,4032.0,14786.0,11714.0,5542.0
287,1.0,1.0,3673.0,10894.0,12753.0,1944.0
288,0.0,0.0,5130.0,4853.0,3187.0,9824.0
289,1.0,1.0,2427.0,13765.0,10550.0,4247.0
290,0.0,0.0,1544.0,2597.0,3108.0,1986.0
291,0.0,1.0,4721.0,6995.0,10237.0,2232.0
292,0.0,0.0,3506.0,3188.0,4830.0,2964.0
293,0.0,0.0,3902.0,4139.0,2885.0,7604.0
294,1.0,1.0,2044.0,13402.0,13499.0,584.0
295,0.0,1.0,2444.0,8102.0,14056.0,2571.0
296,0.0,0.0,3684.0,1185.0,3022.0,2244.0
297,1.0,1.0,2673.0,12442.0,10799.0,3412.0
298,1.0,0.0,1242.0,13629.0,7783.0,3913.0
299,1.0,1.0,4505.0,13051.0,11018.0,5260.0
300,1.0,0.0,3283.0,12859.0,6430.0,1038.0
301,0.0,1.0,4318.0,9246.0,11863.0,4014.0
302,0.0,0.0,1572.0,2618.0,2793.0,2473.0
303,1.0,1.0,1199.0,13427.0,13102.0,1256.0
304,1.0,1.0,4702.0,13695.0,12837.0,4647.0
305,1.0,0.0,4184.0,10664.0,6205.0,4470.0
306,1.0,1.0,3445.0,14279.0,13354.0,3602.0
307,1.0,1.0,2496.0,14614.0,12732.0,3418.0
308,1.0,1.0,3303.0,13308.0,12310.0,3621.0
309,0.0,0.0,1263.0,4716.0,3922.0,4104.0
310,1.0,0.0,1509.0,10043.0,8636.0,7663.0
311,0.0,1.0,4804.0,7220.0,10300.0,2414.0
312,1.0,1.0,3756.0,14731.0,14368.0,3497.0
313,1.0,0.0,3366.0,11016.0,8180.0,5288.0
314,0.0,0.0,5951.0,3575.0,3348.0,8296.0
315,1.0,0.0,2079.0,12623.0,9864.0,7807.0
316,0.0,0.0,2603.0,2438.0,1226.0,5466.0
317,0.0,0.0,7414.0,3002.0,2884.0,9808.0
318,1.0,1.0,3241.0,13064.0,11504.0,3849.0
319,0.0,1.0,3353.0,6831.0,14034.0,1081.0
320,0.0,1.0,1296.0,6969.0,10016.0,3139.0
321,1.0,0.0,4825.0,10620.0,7354.0,3377.0
322,0.0,0.0,1287.0,3459.0,2450.0,4000.0
323,0.0,1.0,3685.0,8576.0,13210.0,3031.0
324,1.0,0.0,4710.0,11798.0,7963.0,4743.0
325,1.0,0.0,517.0,12397.0,6159.0,144.0
326,1.0,0.0,4551.0,10993.0,6977.0,2606.0
327,1.0,1.0,2119.0,12235.0,12938.0,1368.0
328,1.0,1.0,4486.0,10415.0,12309.0,2625.0
329,1.0,0.0,4762.0,10029.0,8052.0,5024.0
330,0.0,0.0,7118.0,1546.0,3885.0,5701.0
331,1.0,0.0,4594.0,13642.0,7034.0,918.0
332,1.0,1.0,2655.0,12514.0,10627.0,3559.0
333,0.0,1.0,1062.0,9319.0,10390.0,5417.0
334,1.0,0.0,3733.0,10283.0,7190.0,842.0
335,1.0,0.0,2387.0,13114.0,8983.0,5784.0
336,1.0,0.0,4684.0,12491.0,6388.0,510.0
337,0.0,1.0,1288.0,7034.0,13335.0,2045.0
338,1.0,0.0,1202.0,12331.0,6628.0,2777.0
339,1.0,1.0,4403.0,12793.0,14509.0,2672.0
340,0.0,0.0,2486.0,2958.0,1770.0,4256.0
341,0.0,1.0,1435.0,8159.0,10632.0,4079.0
342,1.0,0.0,4156.0,11589.0,7261.0,2903.0
343,0.0,0.0,4095.0,3523.0,2647.0,8430.0
344,1.0,0.0,3086.0,10450.0,9524.0,8157.0
345,0.0,0.0,2230.0,1469.0,2187.0,3027.0
346,0.0,1.0,4670.0,8568.0,13092.0,2818.0
347,0.0,1.0,1499.0,5122.0,11451.0,739.0
348,1.0,1.0,4059.0,12105.0,10284.0,4732.0
349,0.0,0.0,9857.0,1668.0,1424.0,12381.0
350,1.0,1.0,4691.0,12821.0,12157.0,4508.0
351,0.0,1.0,3926.0,5515.0,10814.0,1524.0
352,1.0,1.0,2831.0,13611.0,11695.0,3731.0
353,0.0,1.0,3693.0,8322.0,10614.0,3684.0
354,0.0,0.0,2770.0,1373.0,2229.0,2548.0
355,1.0,1.0,4622.0,13201.0,10814.0,5597.0
356,1.0,0.0,2328.0,14199.0,6858.0,1372.0
357,1.0,0.0,1544.0,14401.0,7222.0,1974.0
358,0.0,0.0,3016.0,3671.0,4378.0,3800.0
359,1.0,0.0,2149.0,12508.0,8808.0,6001.0
360,0.0,0.0,7948.0,4732.0,4891.0,10638.0
361,0.0,0.0,4961.0,3109.0,2830.0,7196.0
362,1.0,0.0,4205.0,11165.0,9663.0,7364.0
363,0.0,0.0,4975.0,1053.0,4589.0,1440.0
364,1.0,1.0,3586.0,11898.0,12383.0,2785.0
365,1.0,0.0,2733.0,14422.0,6965.0,1208.0
366,0.0,0.0,7890.0,4181.0,1747.0,13844.0
367,0.0,0.0,3590.0,2658.0,2609.0,4467.0
368,1.0,1.0,3417.0,12582.0,10037.0,4658.0
369,0.0,1.0,3674.0,6034.0,13269.0,471.0
370,1.0,1.0,1145.0,11631.0,9866.0,8939.0
371,0.0,0.0,2657.0,3389.0,2200.0,5815.0
372,1.0,1.0,4804.0,14910.0,12568.0,5725.0
373,1.0,1.0,3733.0,13043.0,11098.0,4532.0
374,1.0,0.0,3501.0,12715.0,7195.0,2364.0
375,1.0,1.0,4089.0,12377.0,13405.0,2858.0
376,1.0,1.0,1216.0,13045.0,13886.0,493.0
377,0.0,1.0,4253.0,6916.0,13087.0,1272.0
378,1.0,0.0,2914.0,11284.0,6845.0,2999.0
379,1.0,1.0,4972.0,10812.0,10567.0,4472.0
380,0.0,0.0,7283.0,3666.0,1712.0,12324.0
381,0.0,1.0,3669.0,7932.0,13376.0,2333.0
382,1.0,1.0,3004.0,11660.0,10869.0,3131.0
383,1.0,0.0,2360.0,14234.0,6230.0,233.0
384,0.0,0.0,9019.0,2336.0,3795.0,9356.0
385,1.0,1.0,2896.0,12483.0,11545.0,3135.0
386,1.0,0.0,1775.0,12162.0,8746.0,6310.0
387,0.0,0.0,7254.0,2268.0,4801.0,5842.0
388,1.0,1.0,3343.0,13758.0,14214.0,1049.0
389,0.0,1.0,4952.0,5852.0,11289.0,663.0
390,0.0,1.0,2615.0,7743.0,10243.0,3504.0
391,1.0,0.0,2215.0,12416.0,6689.0,2321.0
392,1.0,1.0,1967.0,13252.0,14287.0,1015.0
393,0.0,0.0,9757.0,3596.0,4202.0,11774.0
394,1.0,0.0,2538.0,12693.0,9959.0,7697.0
395,1.0,1.0,1970.0,14684.0,14301.0,1963.0
396,1.0,1.0,2024.0,14433.0,12234.0,3220.0
397,0.0,1.0,2146.0,9004.0,14481.0,3399.0
398,0.0,0.0,8765.0,2937.0,4380.0,9281.0
399,0.0,0.0,6740.0,4831.0,1963.0,13298.0
400,1.0,1.0,1959.0,12988.0,12397.0,2092.0
401,1.0,1.0,2844.0,10454.0,12821.0,887.0
402,0.0,1.0,2290.0,7761.0,14896.0,1975.0
403,0.0,0.0,7465.0,4875.0,3125.0,12668.0
404,1.0,0.0,3808.0,11887.0,8675.0,5353.0
405,1.0,1.0,3464.0,14716.0,11607.0,4832.0
406,0.0,0.0,1536.0,3728.0,1169.0,6447.0
407,1.0,1.0,3179.0,14989.0,12555.0,4378.0
408,1.0,1.0,1701.0,10966.0,13082.0,64.0
409,0.0,1.0,2721.0,8469.0,14727.0,2634.0
410,1.0,0.0,2807.0,11667.0,7369.0,85.0
411,0.0,1.0,1169.0,9865.0,10946.0,5742.0
412,1.0,1.0,1995.0,11264.0,13836.0,14.0
413,0.0,1.0,3227.0,5782.0,12810.0,492.0
414,0.0,0.0,7384.0,4019.0,2104.0,12508.0
415,0.0,0.0,5051.0,2835.0,3648.0,5754.0
416,1.0,0.0,1094.0,13037.0,5554.0,481.0
417,0.0,1.0,1895.0,6868.0,10437.0,2741.0
418,0.0,1.0,4883.0,9335.0,10431.0,4463.0
419,0.0,1.0,3118.0,7378.0,11812.0,2855.0
420,1.0,1.0,1627.0,11630.0,11570.0,1450.0
421,0.0,1.0,3197.0,6652.0,13097.0,1269.0
422,1.0,0.0,4434.0,13491.0,8669.0,3960.0
423,1.0,1.0,4494.0,10351.0,14938.0,837.0
424,1.0,1.0,2517.0,14324.0,12100.0,3664.0
425,1.0,0.0,1667.0,10940.0,5473.0,1451.0
426,1.0,0.0,1619.0,10719.0,8030.0,6097.0
427,1.0,0.0,3205.0,14027.0,8564.0,3928.0
428,1.0,1.0,1453.0,11773.0,12027.0,336.0
429,0.0,1.0,3211.0,6374.0,11207.0,1649.0
430,0.0,1.0,4051.0,9413.0,11425.0,4402.0
431,0.0,1.0,2254.0,5831.0,13113.0,678.0
432,1.0,0.0,4511.0,9983.0,6258.0,2355.0
433,1.0,1.0,4313.0,10882.0,10647.0,3895.0
434,1.0,0.0,2312.0,14015.0,9998.0,6997.0
435,0.0,1.0,3432.0,8707.0,12588.0,4010.0
436,1.0,1.0,4520.0,10220.0,13434.0,1775.0
437,1.0,1.0,3330.0,12105.0,10460.0,3983.0
438,1.0,0.0,4522.0,12355.0,7020.0,1787.0
439,0.0,1.0,4691.0,9002.0,11430.0,3829.0
440,0.0,1.0,2691.0,6798.0,12792.0,1648.0
441,0.0,0.0,7118.0,3621.0,1650.0,12139.0
442,0.0,1.0,2627.0,5563.0,10185.0,2135.0
443,0.0,0.0,8580.0,3236.0,4417.0,9514.0
444,1.0,1.0,4596.0,11768.0,10601.0,4761.0
445,0.0,1.0,1782.0,8601.0,13609.0,3392.0
446,0.0,0.0,8201.0,2726.0,4643.0,7921.0
447,1.0,1.0,3722.0,11894.0,13160.0,2382.0
448,0.0,0.0,4233.0,3946.0,2579.0,8077.0
449,1.0,1.0,3516.0,14228.0,13916.0,3324.0
450,0.0,1.0,2403.0,8428.0,11471.0,3812.0
451,1.0,1.0,3125.0,14003.0,13916.0,2914.0
452,1.0,1.0,2110.0,10030.0,11873.0,600.0
453,0.0,0.0,4760.0,4933.0,2206.0,10834.0
454,1.0,0.0,4256.0,14493.0,7146.0,715.0
455,1.0,1.0,3857.0,11540.0,13356.0,2132.0
456,0.0,1.0,4056.0,8797.0,13703.0,2987.0
457,1.0,0.0,1364.0,12970.0,6205.0,1530.0
458,0.0,0.0,2609.0,2691.0,1377.0,5693.0
459,1.0,1.0,3720.0,10683.0,14292.0,818.0
460,0.0,1.0,3622.0,8615.0,12750.0,3280.0
461,0.0,1.0,1972.0,5770.0,14783.0,103.0
462,1.0,1.0,2526.0,12838.0,14440.0,1121.0
463,0.0,1.0,4743.0,7289.0,11202.0,2183.0
464,1.0,0.0,3116.0,13472.0,6062.0,69.0
465,0.0,1.0,1273.0,7182.0,10869.0,3060.0
466,1.0,0.0,3472.0,10351.0,5346.0,719.0
467,1.0,0.0,3092.0,11626.0,9160.0,6733.0
468,0.0,1.0,2609.0,9915.0,12011.0,5059.0
469,1.0,1.0,2061.0,14324.0,10290.0,4476.0
470,0.0,1.0,2699.0,5596.0,12475.0,555.0
471,0.0,1.0,1488.0,6342.0,11289.0,2019.0
472,0.0,0.0,2371.0,4304.0,3153.0,5736.0
473,0.0,1.0,3366.0,6663.0,14266.0,828.0
474,1.0,0.0,3129.0,11679.0,5839.0,7869.0
475,0.0,0.0,7933.0,2401.0,3648.0,8393.0
476,0.0,1.0,1104.0,9774.0,12153.0,5244.0
477,1.0,1.0,4403.0,11689.0,11376.0,4025.0
478,0.0,1.0,3561.0,5903.0,10225.0,1434.0
479,1.0,0.0,1607.0,11985.0,6873.0,3234.0
480,0.0,1.0,3015.0,7448.0,14386.0,1659.0
481,0.0,1.0,4112.0,8366.0,14356.0,3355.0
482,0.0,1.0,3378.0,9055.0,12423.0,3523.0
483,1.0,0.0,3112.0,10160.0,9136.0,7659.0
484,0.0,1.0,3373.0,9363.0,14668.0,3386.0
485,1.0,0.0,2018.0,11621.0,7009.0,3509.0
486,1.0,1.0,4511.0,13312.0,14377.0,3200.0
487,0.0,1.0,4329.0,8087.0,12601.0,2594.0
488,1.0,0.0,1703.0,11802.0,5944.0,1683.0
489,1.0,0.0,4711.0,10342.0,6497.0,2120.0
490,0.0,0.0,3712.0,2182.0,2332.0,4858.0
491,1.0,0.0,4732.0,11953.0,6366.0,806.0
492,0.0,0.0,3074.0,4378.0,1779.0,8511.0
493,1.0,0.0,4435.0,14556.0,8498.0,2950.0
494,1.0,1.0,2609.0,10909.0,14282.0,12.0
495,1.0,0.0,2630.0,14421.0,7741.0,2618.0
496,1.0,1.0,2482.0,13112.0,14988.0,900.0
497,0.0,0.0,3757.0,3034.0,3043.0,5382.0
498,0.0,0.0,7151.0,3816.0,2769.0,11011.0
499,0.0,0.0,1820.0,3305.0,3734.0,2653.0
500,1.0,1.0,3783.0,13140.0,12252.0,3871.0
501,0.0,0.0,4307.0,4952.0,1150.0,11745.0
502,0.0,1.0,4988.0,7768.0,12577.0,2119.0
503,1.0,0.0,1900.0,11750.0,6435.0,2478.0
504,1.0,0.0,4221.0,10336.0,9754.0,8068.0
505,0.0,0.0,2718.0,2713.0,2928.0,3789.0
506,1.0,0.0,2460.0,11546.0,5604.0,880.0
507,1.0,0.0,2839.0,14793.0,8951.0,4383.0
508,0.0,0.0,2187.0,4769.0,4825.0,4066.0
509,0.0,0.0,6829.0,3716.0,3543.0,9437.0
510,0.0,0.0,3185.0,4670.0,2076.0,8731.0
511,1.0,1.0,1096.0,12456.0,11391.0,1660.0
512,0.0,0.0,9221.0,3530.0,1390.0,14788.0
513,0.0,1.0,4237.0,8743.0,10601.0,3973.0
514,0.0,0.0,8110.0,2274.0,3136.0,9070.0
515,0.0,1.0,3005.0,7159.0,14988.0,1162.0
516,0.0,0.0,9507.0,1835.0,3837.0,9830.0
517,0.0,0.0,2701.0,1170.0,3541.0,380.0
518,1.0,1.0,2520.0,14064.0,11220.0,4080.0
519,0.0,1.0,3970.0,7122.0,12147.0,1878.0
520,1.0,1.0,2751.0,11401.0,14927.0,34.0
521,0.0,1.0,2745.0,9133.0,11973.0,4256.0
522,0.0,1.0,1468.0,9074.0,11624.0,4639.0
523,1.0,0.0,3647.0,10587.0,5739.0,1162.0
524,1.0,0.0,5287.0,13197.0,9587.0,6557.0
525,0.0,1.0,1331.0,8308.0,12585.0,3571.0
526,0.0,0.0,7920.0,1669.0,4448.0,6091.0
527,1.0,0.0,3009.0,14997.0,6777.0,357.0
528,1.0,0.0,1717.0,14845.0,7037.0,1560.0
529,0.0,1.0,3779.0,8791.0,12163.0,3589.0
530,1.0,0.0,4441.0,12009.0,8160.0,4053.0
531,1.0,1.0,2866.0,12491.0,12437.0,2520.0
532,1.0,0.0,3426.0,13802.0,8179.0,5320.0
533,0.0,1.0,4438.0,9872.0,12854.0,4264.0
534,0.0,1.0,4572.0,8516.0,12779.0,2900.0
535,1.0,1.0,2914.0,12937.0,10729.0,3997.0
536,0.0,1.0,2642.0,9922.0,14728.0,4107.0
537,0.0,1.0,3216.0,8401.0,11836.0,3454.0
538,1.0,1.0,1167.0,10711.0,10383.0,1230.0
539,1.0,0.0,4584.0,12577.0,7723.0,2839.0
540,0.0,0.0,3346.0,3378.0,1090.0,8080.0
541,1.0,1.0,1349.0,13774.0,13210.0,1962.0
542,0.0,1.0,3937.0,7855.0,10884.0,3061.0
543,0.0,0.0,7043.0,3965.0,3080.0,10718.0
544,1.0,1.0,2609.0,14422.0,13503.0,2609.0
545,1.0,0.0,3173.0,13513.0,7589.0,6525.0
546,1.0,1.0,2733.0,10698.0,13760.0,327.0
547,0.0,1.0,4356.0,7166.0,12353.0,1753.0
548,0.0,0.0,2683.0,2055.0,1582.0,4391.0
549,1.0,1.0,2328.0,13744.0,13222.0,2366.0
550,1.0,0.0,1793.0,10975.0,6634.0,3396.0
551,1.0,0.0,3518.0,12041.0,8456.0,3718.0
552,0.0,1.0,2654.0,6088.0,10628.0,1705.0
553,1.0,1.0,4299.0,12265.0,11903.0,3967.0
554,0.0,1.0,1201.0,6143.0,14171.0,883.0
555,1.0,1.0,2040.0,13795.0,14967.0,987.0
556,0.0,0.0,9909.0,3058.0,4538.0,10607.0
557,1.0,0.0,4317.0,13133.0,7694.0,6074.0
558,1.0,1.0,3445.0,14376.0,11743.0,4595.0
559,1.0,0.0,3582.0,10616.0,7522.0,4295.0
560,1.0,0.0,3071.0,14972.0,9275.0,4714.0
561,1.0,0.0,3114.0,10257.0,8785.0,6979.0
562,0.0,1.0,3574.0,9003.0,13729.0,3037.0
563,0.0,0.0,2700.0,3747.0,1734.0,7083.0
564,0.0,1.0,2386.0,9433.0,12273.0,4541.0
565,0.0,0.0,7299.0,3554.0,1134.0,12927.0
566,0.0,1.0,1684.0,9693.0,12953.0,4738.0
567,1.0,1.0,3668.0,10089.0,10598.0,2840.0
568,1.0,0.0,1432.0,12299.0,7254.0,3779.0
569,1.0,0.0,4402.0,14559.0,8197.0,2438.0
570,0.0,1.0,3923.0,8233.0,14166.0,2294.0
571,0.0,1.0,4194.0,9715.0,13419.0,3970.0
572,1.0,0.0,2021.0,10443.0,9192.0,8114.0
573,0.0,1.0,2757.0,6629.0,12732.0,1398.0
574,1.0,1.0,2351.0,13604.0,10068.0,4395.0
575,0.0,1.0,4467.0,8156.0,11775.0,2918.0
576,1.0,1.0,4574.0,12329.0,13037.0,3647.0
577,0.0,0.0,1293.0,3245.0,4528.0,880.0
578,0.0,0.0,7876.0,4273.0,3501.0,14444.0
579,1.0,1.0,3610.0,12655.0,13576.0,2515.0
580,0.0,1.0,3903.0,6852.0,14208.0,903.0
581,0.0,1.0,2978.0,8528.0,10546.0,3803.0
582,1.0,1.0,4705.0,11492.0,11690.0,3946.0
583,1.0,1.0,4102.0,13039.0,14740.0,2421.0
584,0.0,0.0,5867.0,4480.0,2059.0,11566.0
585,1.0,0.0,3741.0,14548.0,8054.0,2525.0
586,0.0,0.0,6221.0,1067.0,1483.0,7059.0
587,1.0,1.0,4554.0,11166.0,14308.0,1852.0
588,1.0,0.0,2531.0,10423.0,8670.0,6958.0
589,0.0,1.0,4247.0,7428.0,14473.0,1301.0
590,0.0,0.0,5860.0,3828.0,4998.0,6553.0
591,0.0,1.0,1957.0,7895.0,14335.0,1377.0
592,0.0,1.0,3041.0,9532.0,13145.0,4171.0
593,1.0,1.0,1906.0,12674.0,11447.0,2470.0
594,0.0,1.0,1103.0,7233.0,13232.0,2326.0
595,0.0,1.0,2442.0,8783.0,12069.0,3948.0
596,0.0,1.0,3975.0,9189.0,13696.0,3818.0
597,1.0,1.0,1973.0,12857.0,14909.0,342.0
598,1.0,1.0,1482.0,14908.0,12484.0,2900.0
599,0.0,1.0,3504.0,5689.0,11089.0,932.0
600,1.0,1.0,3858.0,13396.0,14797.0,2410.0
601,0.0,0.0,8359.0,4180.0,3577.0,10077.0
602,0.0,0.0,5500.0,2920.0,4619.0,5125.0
603,1.0,0.0,4027.0,14978.0,9813.0,6126.0
604,1.0,0.0,4276.0,13125.0,8693.0,4325.0
605,1.0,0.0,4312.0,11467.0,6681.0,5438.0
606,1.0,1.0,3994.0,12839.0,11495.0,4357.0
607,0.0,0.0,3628.0,2727.0,1061.0,7363.0
608,1.0,1.0,4595.0,14674.0,14090.0,4372.0
609,1.0,1.0,3336.0,12015.0,12550.0,2535.0
610,1.0,1.0,2635.0,13540.0,10718.0,4165.0
611,1.0,1.0,2368.0,12658.0,11775.0,2104.0
612,0.0,1.0,1561.0,6300.0,10434.0,2258.0
613,0.0,0.0,6431.0,3104.0,3919.0,7289.0
614,0.0,1.0,1072.0,8419.0,13919.0,3279.0
615,0.0,0.0,8373.0,4736.0,1519.0,15216.0
616,1.0,0.0,2416.0,13903.0,7183.0,2094.0
617,1.0,1.0,3991.0,12102.0,14057.0,2156.0
618,0.0,1.0,4847.0,8812.0,10036.0,4088.0
619,1.0,1.0,4197.0,10247.0,11416.0,2858.0
620,1.0,0.0,4819.0,11339.0,6250.0,969.0
621,1.0,1.0,3435.0,11268.0,10663.0,3380.0
622,0.0,0.0,7256.0,1272.0,2019.0,7893.0
623,0.0,0.0,7853.0,3524.0,1359.0,13223.0
624,0.0,0.0,4039.0,4601.0,2477.0,9078.0
625,0.0,1.0,1882.0,5006.0,10946.0,704.0
626,1.0,1.0,2983.0,13257.0,13719.0,2277.0
627,0.0,1.0,4425.0,6407.0,13655.0,522.0
628,0.0,0.0,1619.0,2278.0,3123.0,1522.0
629,0.0,0.0,6545.0,2893.0,2406.0,9250.0
630,1.0,1.0,4840.0,12980.0,14043.0,3486.0
631,1.0,0.0,1433.0,10180.0,8091.0,6656.0
632,0.0,1.0,2760.0,6288.0,11101.0,782.0
633,1.0,0.0,3019.0,12025.0,6822.0,4348.0
634,1.0,1.0,4240.0,10933.0,11236.0,3473.0
635,1.0,0.0,4582.0,12913.0,7914.0,6151.0
636,0.0,1.0,3454.0,9094.0,14432.0,3179.0
637,1.0,1.0,4753.0,13102.0,11414.0,5245.0
638,1.0,1.0,4163.0,11022.0,13391.0,2029.0
639,1.0,1.0,2333.0,14880.0,12777.0,3424.0
640,1.0,1.0,2532.0,10148.0,12362.0,718.0
641,1.0,0.0,4830.0,13101.0,8001.0,2853.0
642,0.0,1.0,4538.0,8604.0,10093.0,3937.0
643,1.0,0.0,4941.0,12797.0,9668.0,5917.0
644,0.0,0.0,7922.0,2587.0,4234.0,7909.0
645,1.0,0.0,3650.0,12617.0,6299.0,787.0
646,1.0,0.0,1100.0,12072.0,8657.0,6552.0
647,1.0,0.0,4290.0,13615.0,9630.0,5631.0
648,1.0,1.0,4971.0,12279.0,12130.0,4321.0
649,1.0,0.0,4330.0,12763.0,9788.0,6455.0
650,0.0,1.0,2595.0,7075.0,10903.0,2610.0
651,1.0,0.0,2303.0,10479.0,8738.0,7154.0
652,0.0,1.0,2560.0,7955.0,12297.0,3011.0
653,1.0,0.0,1066.0,14005.0,5712.0,126.0
654,1.0,1.0,4334.0,11018.0,12722.0,2620.0
655,0.0,0.0,7568.0,4563.0,4930.0,9861.0
656,0.0,1.0,3466.0,9699.0,11772.0,4712.0
657,0.0,1.0,2950.0,8845.0,11980.0,3915.0
658,0.0,1.0,1219.0,6518.0,10231.0,2632.0
659,0.0,0.0,8912.0,4956.0,1002.0,17321.0
660,1.0,0.0,2993.0,14045.0,6782.0,1009.0
661,0.0,0.0,4751.0,3628.0,3512.0,6907.0
662,1.0,1.0,3019.0,12440.0,12489.0,2584.0
663,0.0,0.0,2071.0,2993.0,4839.0,952.0
664,1.0,0.0,4538.0,12195.0,8909.0,5192.0
665,0.0,0.0,1321.0,4397.0,4736.0,2555.0
666,0.0,0.0,4616.0,1303.0,1862.0,4945.0
667,0.0,0.0,1751.0,1532.0,1693.0,2339.0
668,1.0,1.0,2716.0,10050.0,11186.0,358.0
669,1.0,0.0,3272.0,11473.0,7502.0,3749.0
670,1.0,1.0,1310.0,14253.0,10722.0,3489.0
671,0.0,0.0,3862.0,1476.0,2617.0,619.0
672,0.0,0.0,1643.0,3087.0,1387.0,5213.0
673,0.0,0.0,8333.0,4624.0,1508.0,15418.0
674,0.0,1.0,3826.0,6218.0,13926.0,387.0
675,1.0,1.0,3401.0,10425.0,14612.0,156.0
676,0.0,0.0,8967.0,4654.0,4185.0,12638.0
677,1.0,1.0,2024.0,14646.0,12334.0,3295.0
678,0.0,1.0,2819.0,6233.0,13922.0,1457.0
679,0.0,1.0,3137.0,9427.0,14495.0,3570.0
680,1.0,1.0,4260.0,13957.0,14709.0,1227.0
681,1.0,0.0,1464.0,10288.0,9899.0,9733.0
682,0.0,1.0,3016.0,8234.0,11539.0,3441.0
683,1.0,0.0,4140.0,11354.0,6139.0,1104.0
684,0.0,1.0,1511.0,7511.0,12426.0,3021.0
685,1.0,1.0,4939.0,14430.0,11069.0,6521.0
686,0.0,1.0,1824.0,5433.0,13860.0,126.0
687,1.0,0.0,1227.0,12252.0,7912.0,5065.0
688,0.0,0.0,8751.0,2939.0,2574.0,11676.0
689,1.0,1.0,3907.0,12649.0,14146.0,2388.0
690,1.0,1.0,4145.0,13616.0,11394.0,5074.0
691,1.0,1.0,2546.0,12157.0,14155.0,875.0
692,0.0,0.0,2880.0,4621.0,3702.0,6126.0
693,1.0,0.0,4053.0,14133.0,7867.0,2319.0
694,1.0,0.0,1121.0,11042.0,7275.0,4809.0
695,0.0,0.0,3869.0,2697.0,3031.0,4967.0
696,0.0,0.0,6387.0,2884.0,3784.0,7213.0
697,1.0,0.0,3301.0,13031.0,6072.0,288.0
698,0.0,1.0,3229.0,8863.0,11560.0,4010.0
699,0.0,1.0,2346.0,5938.0,11609.0,1288.0
700,1.0,0.0,4569.0,9222.0,6161.0,124.0
701,1.0,0.0,3901.0,11149.0,7880.0,4407.0
702,1.0,0.0,4743.0,14094.0,8642.0,3356.0
703,1.0,0.0,4663.0,10677.0,6660.0,2206.0
704,1.0,0.0,3989.0,11302.0,8448.0,4397.0
705,0.0,0.0,5216.0,4649.0,1416.0,11946.0
706,1.0,1.0,2016.0,12156.0,13513.0,843.0
707,0.0,1.0,2270.0,8269.0,14785.0,2527.0
708,0.0,1.0,3420.0,6936.0,10711.0,2332.0
709,1.0,0.0,2139.0,12975.0,9811.0,2955.0
710,1.0,1.0,4226.0,13007.0,13948.0,3035.0
711,0.0,0.0,7042.0,2755.0,4334.0,7029.0
712,0.0,0.0,8700.0,3579.0,2505.0,12775.0
713,0.0,1.0,4395.0,9585.0,14935.0,3259.0
714,0.0,1.0,3302.0,7650.0,11375.0,2843.0
715,0.0,0.0,6467.0,1767.0,3954.0,6532.0
716,1.0,1.0,3722.0,11857.0,12196.0,4203.0
717,0.0,0.0,8478.0,3341.0,3199.0,11194.0
718,1.0,0.0,3747.0,13597.0,8088.0,5608.0
719,1.0,0.0,4590.0,12498.0,8077.0,3508.0
720,1.0,0.0,1621.0,10003.0,6418.0,3752.0
721,1.0,1.0,1337.0,14861.0,10157.0,4295.0
722,1.0,0.0,1188.0,11068.0,5335.0,4258.0
723,1.0,0.0,2625.0,11931.0,8049.0,4819.0
724,1.0,1.0,2005.0,12893.0,14578.0,614.0
725,0.0,1.0,1610.0,5098.0,12176.0,434.0
726,1.0,1.0,1961.0,13425.0,14197.0,1185.0
727,1.0,1.0,3553.0,11715.0,11082.0,3501.0
728,1.0,0.0,3882.0,12420.0,8195.0,4120.0
729,0.0,1.0,3186.0,7810.0,11979.0,2821.0
730,0.0,1.0,2373.0,9681.0,10623.0,5370.0
731,1.0,0.0,2631.0,10181.0,8731.0,7176.0
732,0.0,1.0,1100.0,7105.0,10920.0,3008.0
733,1.0,1.0,3743.0,12331.0,11301.0,3931.0
734,0.0,1.0,1551.0,9184.0,10693.0,5054.0
735,0.0,1.0,2201.0,7007.0,14167.0,1498.0
736,1.0,0.0,4817.0,12714.0,7701.0,2592.0
737,1.0,1.0,4313.0,12537.0,11831.0,4209.0
738,0.0,0.0,6274.0,1987.0,3666.0,5743.0
739,0.0,0.0,4292.0,4054.0,3512.0,7081.0
740,1.0,1.0,3040.0,13075.0,13271.0,2355.0
741,1.0,0.0,3339.0,11425.0,9139.0,6707.0
742,0.0,0.0,6418.0,2052.0,3616.0,6086.0
743,0.0,0.0,7974.0,4270.0,4475.0,10453.0
744,0.0,1.0,3756.0,7334.0,12639.0,3432.0
745,0.0,1.0,3642.0,5237.0,11744.0,216.0
746,0.0,0.0,5492.0,3563.0,3359.0,7938.0
747,1.0,1.0,3665.0,12215.0,12166.0,3209.0
748,0.0,1.0,4725.0,5954.0,11293.0,820.0
749,0.0,0.0,1474.0,3952.0,2076.0,5538.0
750,0.0,0.0,1570.0,4442.0,4738.0,2918.0
751,0.0,0.0,5925.0,1554.0,1597.0,7373.0
752,0.0,0.0,6617.0,3717.0,2582.0,10472.0
753,0.0,1.0,2629.0,6376.0,13584.0,1455.0
754,0.0,1.0,2133.0,6101.0,10005.0,4001.0
755,0.0,1.0,1607.0,8910.0,10503.0,4832.0
756,0.0,0.0,5381.0,2743.0,2787.0,7134.0
757,1.0,0.0,1716.0,13167.0,8120.0,4574.0
758,0.0,0.0,3926.0,1422.0,3444.0,2358.0
759,1.0,1.0,1152.0,14772.0,13712.0,1705.0
760,1.0,0.0,2389.0,10460.0,5739.0,1875.0
761,1.0,0.0,4489.0,10261.0,6098.0,1586.0
762,1.0,1.0,4438.0,11702.0,10690.0,4521.0
763,0.0,1.0,3664.0,9472.0,12583.0,4152.0
764,0.0,0.0,3989.0,2189.0,1248.0,6638.0
765,1.0,1.0,4750.0,12567.0,11204.0,5025.0
766,0.0,1.0,2535.0,8137.0,10108.0,3965.0
767,1.0,1.0,4193.0,13979.0,13906.0,3683.0
768,0.0,0.0,9860.0,4436.0,4143.0,13373.0
769,0.0,0.0,3308.0,3454.0,3329.0,5177.0
770,0.0,0.0,6177.0,1239.0,1939.0,6686.0
771,1.0,0.0,2249.0,12923.0,9150.0,6273.0
772,0.0,0.0,4921.0,2244.0,4694.0,3222.0
773,1.0,0.0,2785.0,12328.0,7559.0,1580.0
774,1.0,0.0,1455.0,14893.0,9243.0,5519.0
775,0.0,0.0,1727.0,4109.0,4621.0,2702.0
776,0.0,0.0,2348.0,3639.0,3074.0,4706.0
777,0.0,1.0,3615.0,8746.0,12916.0,3322.0
778,1.0,0.0,1947.0,13511.0,6877.0,2054.0
779,0.0,1.0,2676.0,6954.0,14081.0,1357.0
780,0.0,0.0,3126.0,1477.0,3429.0,1537.0
781,0.0,1.0,4865.0,8100.0,13477.0,2167.0
782,0.0,0.0,6589.0,3295.0,3659.0,7657.0
783,1.0,0.0,4032.0,11946.0,7146.0,2526.0
784,0.0,0.0,4872.0,1739.0,4620.0,2422.0
785,1.0,1.0,2558.0,13877.0,10897.0,4204.0
786,1.0,0.0,1764.0,12213.0,6967.0,3168.0
787,1.0,1.0,3614.0,12448.0,14865.0,1521.0
788,1.0,0.0,3842.0,11559.0,6457.0,1673.0
789,1.0,0.0,1942.0,11554.0,6142.0,2318.0
790,0.0,0.0,5261.0,1611.0,2364.0,5671.0
791,1.0,0.0,3677.0,14661.0,9176.0,4548.0
792,1.0,1.0,4600.0,11089.0,10384.0,3826.0
793,0.0,1.0,3573.0,8995.0,13672.0,3069.0
794,0.0,1.0,2808.0,9199.0,12663.0,4065.0
795,0.0,0.0,4316.0,2504.0,2591.0,5379.0
796,1.0,1.0,1566.0,12189.0,11752.0,1649.0
797,0.0,0.0,2107.0,1822.0,1586.0,3380.0
798,0.0,0.0,1176.0,2323.0,2697.0,1648.0
799,1.0,0.0,4754.0,11277.0,7666.0,3521.0
800,0.0,0.0,5204.0,3593.0,1100.0,10593.0
801,0.0,1.0,2513.0,8522.0,13648.0,3117.0
802,0.0,0.0,4063.0,3341.0,1895.0,7782.0
803,0.0,1.0,2235.0,8631.0,13915.0,3202.0
804,0.0,1.0,3164.0,8399.0,10182.0,4044.0
805,1.0,1.0,4372.0,14494.0,14695.0,3655.0
806,0.0,0.0,7922.0,3326.0,4714.0,8500.0
807,0.0,1.0,1486.0,9421.0,10471.0,5385.0
808,1.0,1.0,4578.0,11235.0,11553.0,3756.0
809,0.0,0.0,8012.0,3860.0,4615.0,9627.0
810,0.0,0.0,7710.0,3945.0,4345.0,8990.0
811,0.0,1.0,2853.0,5406.0,10254.0,1676.0
812,1.0,1.0,2589.0,12397.0,12825.0,1958.0
813,0.0,0.0,4413.0,3910.0,4303.0,6361.0
814,1.0,0.0,2904.0,14541.0,7761.0,2436.0
815,1.0,1.0,3137.0,11265.0,14586.0,505.0
816,0.0,1.0,4758.0,6106.0,12413.0,572.0
817,1.0,1.0,3096.0,10601.0,10889.0,2491.0
818,0.0,0.0,6810.0,2918.0,3557.0,8066.0
819,0.0,0.0,3360.0,3411.0,3845.0,4478.0
820,0.0,1.0,1554.0,7995.0,14506.0,2529.0
821,0.0,1.0,2568.0,6895.0,12654.0,1214.0
822,1.0,0.0,4009.0,9098.0,5548.0,672.0
823,0.0,1.0,2802.0,6028.0,14499.0,253.0
824,0.0,1.0,3031.0,7928.0,13815.0,2335.0
825,1.0,1.0,2696.0,11705.0,12198.0,1669.0
826,1.0,1.0,1209.0,14006.0,13393.0,1456.0
827,0.0,1.0,2266.0,6088.0,10488.0,1957.0
828,1.0,0.0,1524.0,12175.0,5457.0,671.0
829,0.0,1.0,2326.0,5761.0,11740.0,1071.0
830,0.0,0.0,6292.0,1619.0,1799.0,7640.0
831,0.0,1.0,2770.0,9522.0,10165.0,5272.0
832,0.0,0.0,6119.0,2878.0,1047.0,10540.0
833,1.0,1.0,2958.0,11349.0,14949.0,164.0
834,1.0,1.0,2335.0,11148.0,9681.0,8342.0
835,0.0,0.0,4034.0,1648.0,4177.0,1884.0
836,0.0,1.0,4295.0,5875.0,10818.0,1015.0
837,0.0,0.0,2000.0,4121.0,2559.0,5790.0
838,0.0,1.0,3606.0,6156.0,12017.0,1049.0
839,0.0,0.0,8879.0,3072.0,4775.0,9112.0
840,0.0,0.0,8364.0,4271.0,3890.0,11690.0
841,0.0,0.0,9381.0,3915.0,3952.0,12200.0
842,1.0,1.0,1677.0,14761.0,12716.0,2817.0
843,0.0,0.0,9615.0,2941.0,4201.0,10518.0
844,0.0,0.0,2884.0,3209.0,3520.0,4020.0
845,1.0,0.0,4428.0,10216.0,8458.0,5777.0
846,0.0,1.0,1750.0,6331.0,10673.0,997.0
847,1.0,0.0,3459.0,10054.0,7866.0,5333.0
848,1.0,0.0,2476.0,11041.0,7205.0,4010.0
849,0.0,0.0,3317.0,4363.0,2017.0,8452.0
850,0.0,0.0,5409.0,1688.0,3008.0,2542.0
851,0.0,0.0,4129.0,1600.0,3344.0,3025.0
852,0.0,0.0,3175.0,2196.0,1385.0,6218.0
853,0.0,0.0,9684.0,1630.0,4883.0,7504.0
854,1.0,0.0,2189.0,11982.0,7104.0,3350.0
855,0.0,0.0,7310.0,3666.0,3157.0,10429.0
856,1.0,1.0,1799.0,13037.0,12715.0,1774.0
857,0.0,1.0,2207.0,5058.0,12700.0,61.0
858,1.0,1.0,2154.0,11345.0,12971.0,783.0
859,0.0,1.0,3699.0,7192.0,12189.0,2001.0
860,1.0,1.0,1089.0,10269.0,10704.0,654.0
861,0.0,1.0,3720.0,8530.0,13226.0,2971.0
862,1.0,1.0,2639.0,10617.0,12215.0,1222.0
863,1.0,1.0,4500.0,10605.0,14282.0,1449.0
864,0.0,0.0,7292.0,4564.0,4838.0,9663.0
865,0.0,0.0,5804.0,1436.0,4304.0,3426.0
866,0.0,1.0,1534.0,5107.0,12799.0,244.0
867,1.0,1.0,4648.0,10074.0,10783.0,3556.0
868,1.0,0.0,3124.0,14506.0,7703.0,2248.0
869,1.0,0.0,4365.0,11772.0,7150.0,2482.0
870,1.0,1.0,4264.0,10491.0,14298.0,1157.0
871,0.0,0.0,9244.0,1004.0,2850.0,8658.0
872,1.0,0.0,1743.0,10965.0,6708.0,3558.0
873,1.0,1.0,5000.0,14322.0,10184.0,7092.0
874,1.0,0.0,2971.0,13275.0,9451.0,6204.0
875,1.0,0.0,2381.0,14735.0,7601.0,2288.0
876,0.0,0.0,7490.0,3090.0,3692.0,8479.0
877,0.0,1.0,1381.0,5732.0,13156.0,782.0
878,1.0,0.0,4171.0,11645.0,6117.0,856.0
879,0.0,1.0,2718.0,6286.0,11488.0,1586.0
880,1.0,0.0,3958.0,12624.0,9023.0,5395.0
881,0.0,0.0,6890.0,2630.0,4280.0,6715.0
882,1.0,0.0,3608.0,10330.0,6377.0,2469.0
883,1.0,1.0,1614.0,11784.0,10719.0,2109.0
884,0.0,1.0,1246.0,8901.0,11688.0,4499.0
885,0.0,1.0,4690.0,8855.0,10213.0,4108.0
886,0.0,1.0,4328.0,4933.0,10302.0,983.0
887,1.0,0.0,2903.0,11995.0,7997.0,3807.0
888,1.0,0.0,1293.0,12955.0,9551.0,7431.0
889,1.0,0.0,4826.0,12865.0,9249.0,5196.0
890,0.0,1.0,2686.0,6326.0,14623.0,0.0
891,1.0,0.0,2162.0,12013.0,9311.0,7205.0
892,1.0,0.0,1594.0,13099.0,6303.0,1501.0
893,0.0,0.0,2841.0,2635.0,3380.0,3761.0
894,1.0,1.0,2668.0,11901.0,11066.0,2869.0
895,1.0,1.0,3965.0,10352.0,14237.0,846.0
896,1.0,0.0,4378.0,13077.0,6883.0,1138.0
897,0.0,0.0,5455.0,1590.0,1219.0,7389.0
898,1.0,1.0,2678.0,11790.0,12445.0,1884.0
899,0.0,1.0,2323.0,7150.0,11293.0,2209.0
900,1.0,1.0,4644.0,14426.0,13973.0,4327.0
901,1.0,1.0,2557.0,13700.0,14088.0,1957.0
902,1.0,1.0,4538.0,13563.0,11891.0,5048.0
903,1.0,0.0,4050.0,12880.0,8739.0,4682.0
904,0.0,0.0,1060.0,3409.0,2547.0,3522.0
905,1.0,1.0,4399.0,11417.0,13412.0,2482.0
906,1.0,0.0,3154.0,11411.0,9880.0,8106.0
907,1.0,0.0,2272.0,10669.0,8357.0,6376.0
908,1.0,0.0,3324.0,13186.0,8256.0,3995.0
909,0.0,0.0,7586.0,3591.0,2804.0,11097.0
910,1.0,1.0,1121.0,13766.0,13500.0,1149.0
911,0.0,0.0,4043.0,2176.0,3986.0,3029.0
912,1.0,1.0,1734.0,14309.0,10163.0,4267.0
913,0.0,0.0,7203.0,3993.0,2802.0,11322.0
914,1.0,0.0,3164.0,11038.0,6096.0,1727.0
915,0.0,0.0,2968.0,1423.0,1438.0,3917.0
916,0.0,1.0,1716.0,6695.0,10645.0,2399.0
917,1.0,1.0,3151.0,14355.0,13614.0,3225.0
918,1.0,0.0,3994.0,12717.0,6690.0,1233.0
919,0.0,1.0,4512.0,7912.0,10353.0,3160.0
920,0.0,1.0,2592.0,7577.0,13288.0,2278.0
921,0.0,1.0,1366.0,7026.0,10524.0,3001.0
922,0.0,1.0,1728.0,5209.0,10534.0,1090.0
923,1.0,1.0,4262.0,10006.0,10015.0,3688.0
924,1.0,0.0,1079.0,14822.0,9852.0,6820.0
925,0.0,1.0,1822.0,6941.0,12759.0,2020.0
926,0.0,0.0,4178.0,3134.0,1061.0,10601.0
927,1.0,0.0,4606.0,14977.0,8266.0,2178.0
928,1.0,1.0,3277.0,11244.0,11596.0,2605.0
929,0.0,0.0,2869.0,2205.0,2884.0,3177.0
930,1.0,0.0,3908.0,11869.0,7908.0,3972.0
931,1.0,1.0,4809.0,14880.0,10154.0,7318.0
932,1.0,1.0,1510.0,10846.0,10004.0,1870.0
933,1.0,0.0,3602.0,12581.0,6632.0,1418.0
934,0.0,0.0,8866.0,2081.0,1834.0,11367.0
935,1.0,0.0,4241.0,12785.0,6315.0,407.0
936,0.0,0.0,5104.0,1406.0,4982.0,1655.0
937,0.0,0.0,4100.0,4122.0,3702.0,6717.0
938,0.0,1.0,3130.0,8583.0,10896.0,3987.0
939,0.0,0.0,5397.0,3314.0,1949.0,9221.0
940,0.0,1.0,1708.0,9149.0,13835.0,3880.0
941,1.0,1.0,4114.0,10346.0,11394.0,2867.0
942,0.0,1.0,3651.0,6407.0,11152.0,1591.0
943,1.0,1.0,3069.0,14953.0,11132.0,5207.0
944,1.0,0.0,2655.0,10291.0,6319.0,2034.0
945,0.0,1.0,3243.0,6345.0,13745.0,724.0
946,0.0,0.0,2277.0,2687.0,4663.0,917.0
947,0.0,0.0,7270.0,3331.0,3820.0,8344.0
948,1.0,0.0,4209.0,12121.0,7127.0,5560.0
949,0.0,1.0,4426.0,7012.0,11590.0,1849.0
950,0.0,0.0,4131.0,2784.0,1217.0,7837.0
951,0.0,1.0,1737.0,6060.0,10386.0,1991.0
952,1.0,1.0,3351.0,10713.0,10261.0,3206.0
953,0.0,1.0,2203.0,9697.0,14905.0,3930.0
954,0.0,1.0,1237.0,6579.0,13864.0,1417.0
955,1.0,1.0,4342.0,14179.0,10249.0,6383.0
956,0.0,1.0,3435.0,9551.0,14546.0,3601.0
957,1.0,1.0,2359.0,11437.0,10854.0,2433.0
958,0.0,0.0,9157.0,4519.0,4271.0,12520.0
959,1.0,1.0,1876.0,12611.0,12167.0,1922.0
960,1.0,1.0,1007.0,13559.0,14339.0,353.0
961,1.0,1.0,1734.0,13686.0,13484.0,1637.0
962,1.0,1.0,2825.0,10239.0,13692.0,146.0
963,1.0,1.0,2597.0,13488.0,11018.0,3897.0
964,1.0,0.0,1004.0,11582.0,8498.0,6648.0
965,0.0,0.0,2224.0,4478.0,3319.0,5633.0
966,0.0,1.0,2718.0,7259.0,13049.0,2012.0
967,0.0,1.0,2504.0,7619.0,11324.0,3030.0
968,1.0,1.0,1056.0,13115.0,11155.0,2222.0
969,1.0,0.0,3289.0,13504.0,8713.0,4601.0
970,1.0,1.0,2895.0,14756.0,11245.0,4850.0
971,0.0,0.0,5620.0,1710.0,2594.0,5948.0
972,1.0,0.0,4328.0,12079.0,7901.0,5543.0
973,1.0,1.0,3560.0,10660.0,12264.0,2016.0
974,0.0,0.0,1888.0,2047.0,2341.0,2493.0
975,0.0,1.0,3786.0,5626.0,10650.0,952.0
976,1.0,1.0,4511.0,13110.0,12187.0,4015.0
977,1.0,1.0,2001.0,14057.0,10422.0,4158.0
978,0.0,0.0,7890.0,1754.0,2150.0,9262.0
979,0.0,1.0,4989.0,6121.0,13262.0,232.0
980,0.0,1.0,1897.0,6345.0,13365.0,1193.0
981,0.0,1.0,3881.0,6734.0,12585.0,1359.0
982,0.0,0.0,8657.0,3242.0,4719.0,9211.0
983,0.0,1.0,2805.0,6204.0,13575.0,752.0
984,1.0,0.0,2608.0,10576.0,6532.0,2476.0
985,0.0,0.0,7085.0,2156.0,3687.0,6943.0
986,1.0,0.0,3797.0,13982.0,7208.0,6187.0
987,0.0,1.0,1449.0,8922.0,11458.0,4549.0
988,0.0,0.0,9087.0,1472.0,4954.0,6449.0
989,0.0,0.0,4755.0,1195.0,2596.0,1396.0
990,1.0,1.0,3935.0,12186.0,11899.0,3602.0
991,1.0,1.0,3341.0,13339.0,13240.0,2962.0
992,0.0,1.0,4656.0,8534.0,12789.0,2894.0
993,0.0,0.0,4352.0,1792.0,2959.0,4119.0
994,1.0,1.0,3048.0,14653.0,14212.0,3771.0
995,1.0,0.0,2161.0,13773.0,7791.0,3372.0
996,0.0,1.0,3779.0,7132.0,14182.0,1224.0
997,0.0,0.0,5919.0,2703.0,3578.0,6640.0
998,1.0,1.0,3825.0,14157.0,10174.0,5970.0
999,1.0,1.0,3847.0,14364.0,14690.0,3117.0
